timestamp,price,position,entry,stop_loss,take_profit,confidence,prediction
2025-02-21 22:08:40.502970,98945.3,LONG,98945.3,98006.06361193713,100354.1545820943,0.7,BULLISH
2025-02-21 22:08:47.518842,98971.0,LONG,98971.0,98031.76361193713,100379.8545820943,0.7,BULLISH
2025-02-21 22:08:54.919994,98923.3,LONG,98923.3,97984.06361193713,100332.1545820943,0.7,BULLISH
2025-02-21 22:09:01.088865,98935.3,LONG,98935.3,97996.06361193713,100344.1545820943,0.7,BULLISH
2025-02-21 22:09:09.725602,98934.5,LONG,98934.5,97995.26361193713,100343.3545820943,0.7,BULLISH
2025-02-21 22:09:16.403913,98933.9,LONG,98933.9,97994.66361193713,100342.75458209429,0.7,BULLISH
2025-02-21 22:09:22.959151,98949.6,LONG,98949.6,98010.36361193714,100358.4545820943,0.7,BULLISH
2025-02-21 22:09:29.250277,98973.7,LONG,98973.7,98034.46361193713,100382.5545820943,0.7,BULLISH
2025-02-21 22:09:35.606446,98962.2,LONG,98962.2,98022.96361193713,100371.0545820943,0.7,BULLISH
2025-02-21 22:09:42.241601,98984.8,LONG,98984.8,98045.56361193713,100393.6545820943,0.7,BULLISH
2025-02-21 22:09:50.842947,99020.0,LONG,99020.0,98080.76361193713,100428.8545820943,0.6399999999999999,BULLISH
2025-02-21 22:09:58.393017,99036.2,LONG,99036.2,98096.96361193713,100445.0545820943,0.5800000000000001,BULLISH
2025-02-21 22:10:07.988722,99012.4,LONG,99012.4,98073.16361193713,100421.25458209429,0.6200000000000001,BULLISH
2025-02-21 22:10:15.908404,99058.9,LONG,99058.9,98119.66361193713,100467.75458209429,0.54,BULLISH
2025-02-21 22:10:24.295527,99058.9,LONG,99058.9,98119.66361193713,100467.75458209429,0.54,BULLISH
2025-02-21 22:10:32.142596,99055.9,LONG,99055.9,98116.66361193713,100464.75458209429,0.5800000000000001,BULLISH
2025-02-21 22:10:40.793268,99010.3,LONG,99010.3,98071.06361193713,100419.1545820943,0.6200000000000001,BULLISH
2025-02-21 22:10:48.491634,99056.9,LONG,99056.9,98117.66361193713,100465.75458209429,0.54,BULLISH
2025-02-21 22:10:56.821883,99052.6,LONG,99052.6,98113.36361193714,100461.4545820943,0.5800000000000001,BULLISH
2025-02-21 22:11:03.456856,99096.9,SHORT,99096.9,100036.13638806286,97688.0454179057,0.0,BEARISH
2025-02-21 22:11:11.134023,99117.5,SHORT,99117.5,100056.73638806287,97708.6454179057,0.09999999999999998,BEARISH
2025-02-21 22:11:19.108527,99196.6,SHORT,99196.6,100145.39353092002,97773.40970361998,0.24,BEARISH
2025-02-21 22:11:26.727402,99230.9,SHORT,99230.9,100184.13638806286,97801.0454179057,0.24,BEARISH
2025-02-21 22:11:34.640607,99229.5,SHORT,99229.5,100183.53638806287,97798.44541790569,0.24,BEARISH
2025-02-21 22:11:43.511567,99211.1,SHORT,99211.1,100165.13638806288,97780.0454179057,0.24,BEARISH
2025-02-21 22:11:52.382122,99222.8,SHORT,99222.8,100176.83638806287,97791.7454179057,0.24,BEARISH
2025-02-21 22:11:59.333355,99191.4,SHORT,99191.4,100145.43638806287,97760.34541790569,0.24,BEARISH
2025-02-21 22:12:08.654302,99203.9,SHORT,99203.9,100157.93638806287,97772.84541790569,0.24,BEARISH
2025-02-21 22:12:17.595173,99177.8,SHORT,99177.8,100131.83638806287,97746.7454179057,0.24,BEARISH
2025-02-21 22:12:26.068594,99160.0,SHORT,99160.0,100114.03638806287,97728.94541790569,0.24,BEARISH
2025-02-21 22:12:33.516857,99114.3,SHORT,99114.3,100068.33638806287,97683.2454179057,0.09999999999999998,BEARISH
2025-02-21 22:12:42.698834,99146.1,SHORT,99146.1,100100.13638806288,97715.0454179057,0.24,BEARISH
2025-02-21 22:12:50.931689,99145.0,SHORT,99145.0,100099.03638806287,97713.94541790569,0.24,BEARISH
2025-02-21 22:12:59.510077,99145.9,SHORT,99145.9,100099.93638806287,97714.84541790569,0.24,BEARISH
2025-02-21 22:13:07.130285,99154.9,SHORT,99154.9,100108.93638806287,97723.84541790569,0.24,BEARISH
2025-02-21 22:13:14.727664,99126.4,SHORT,99126.4,100080.43638806287,97695.34541790569,0.24,BEARISH
2025-02-21 22:13:22.245447,99095.3,SHORT,99095.3,100049.33638806287,97664.2454179057,0.0,BEARISH
2025-02-21 22:13:29.750556,99076.1,LONG,99076.1,98122.06361193713,100507.15458209431,0.54,BULLISH
2025-02-21 22:13:37.106252,99096.5,SHORT,99096.5,100050.53638806287,97665.44541790569,0.0,BEARISH
2025-02-21 22:13:44.508176,99111.6,SHORT,99111.6,100065.63638806288,97680.5454179057,0.09999999999999998,BEARISH
2025-02-21 22:13:52.078666,99054.2,LONG,99054.2,98100.16361193713,100485.2545820943,0.5800000000000001,BULLISH
2025-02-21 22:13:59.800809,99024.0,LONG,99024.0,98069.96361193713,100455.05458209431,0.6000000000000001,BULLISH
2025-02-21 22:14:07.011340,99037.1,LONG,99037.1,98083.06361193713,100468.15458209431,0.5800000000000001,BULLISH
2025-02-21 22:14:14.883776,99005.4,LONG,99005.4,98051.36361193712,100436.4545820943,0.6399999999999999,BULLISH
2025-02-21 22:14:21.039319,99009.4,LONG,99009.4,98055.36361193712,100440.4545820943,0.6399999999999999,BULLISH
2025-02-21 22:14:28.498780,99037.1,LONG,99037.1,98083.06361193713,100468.15458209431,0.5800000000000001,BULLISH
2025-02-21 22:14:36.790088,99093.9,SHORT,99093.9,100047.93638806287,97662.84541790569,0.0,BEARISH
2025-02-21 22:14:44.122541,99111.7,SHORT,99111.7,100065.73638806287,97680.64541790569,0.09999999999999998,BEARISH
2025-02-21 22:14:51.857115,99160.0,SHORT,99160.0,100114.03638806287,97728.94541790569,0.24,BEARISH
2025-02-21 22:14:58.776618,99149.9,SHORT,99149.9,100103.93638806287,97718.84541790569,0.26,BEARISH
2025-02-21 22:15:06.296143,99168.8,SHORT,99168.8,100122.83638806287,97737.7454179057,0.26,BEARISH
2025-02-21 22:15:13.750684,99120.1,SHORT,99120.1,100074.13638806288,97689.0454179057,0.26,BEARISH
2025-02-21 22:15:21.890532,99120.1,SHORT,99120.1,100074.13638806288,97689.0454179057,0.26,BEARISH
2025-02-21 22:15:29.260765,99148.1,SHORT,99148.1,100102.13638806288,97717.0454179057,0.26,BEARISH
2025-02-21 22:15:35.937119,99115.0,SHORT,99115.0,100069.03638806287,97683.94541790569,0.26,BEARISH
2025-02-21 22:15:43.575842,99139.8,SHORT,99139.8,100093.83638806287,97708.7454179057,0.26,BEARISH
2025-02-21 22:15:50.940253,99129.1,SHORT,99129.1,100083.13638806288,97698.0454179057,0.26,BEARISH
2025-02-21 22:15:58.755871,99162.6,SHORT,99162.6,100116.63638806288,97731.5454179057,0.26,BEARISH
2025-02-21 22:16:06.122170,99112.2,SHORT,99112.2,100066.23638806287,97681.14541790569,0.26,BEARISH
2025-02-21 22:16:13.503518,99157.7,SHORT,99157.7,100111.73638806287,97726.64541790569,0.26,BEARISH
2025-02-21 22:16:19.607847,99200.0,SHORT,99200.0,100154.03638806287,97768.94541790569,0.26,BEARISH
2025-02-21 22:16:27.045437,99248.0,SHORT,99248.0,100202.03638806287,97816.94541790569,0.26,BEARISH
2025-02-21 22:16:33.342047,99265.1,SHORT,99265.1,100223.99353092002,97826.75970361999,0.26,BEARISH
2025-02-21 22:16:39.503230,99240.0,SHORT,99240.0,100198.89353092002,97801.65970361998,0.26,BEARISH
2025-02-21 22:16:47.434216,99229.6,SHORT,99229.6,100188.49353092002,97791.25970361999,0.26,BEARISH
2025-02-21 22:16:53.821019,99238.2,SHORT,99238.2,100197.09353092001,97799.85970361998,0.26,BEARISH
2025-02-21 22:17:02.702331,99187.9,SHORT,99187.9,100146.79353092001,97749.55970361998,0.26,BEARISH
2025-02-21 22:17:11.252504,99181.2,SHORT,99181.2,100140.09353092001,97742.85970361998,0.26,BEARISH
2025-02-21 22:17:19.488631,99108.6,SHORT,99108.6,100067.49353092002,97670.25970361999,0.26,BEARISH
2025-02-21 22:17:26.090927,99104.9,SHORT,99104.9,100063.79353092001,97666.55970361998,0.14,BEARISH
2025-02-21 22:17:33.502686,99100.0,SHORT,99100.0,100058.89353092002,97661.65970361998,0.14,BEARISH
2025-02-21 22:17:41.320092,99116.6,SHORT,99116.6,100075.49353092002,97678.25970361999,0.26,BEARISH
2025-02-21 22:17:48.832466,99086.6,LONG,99086.6,98127.70646907999,100524.94029638002,0.48,BULLISH
2025-02-21 22:17:54.975632,99086.6,LONG,99086.6,98127.70646907999,100524.94029638002,0.48,BULLISH
2025-02-21 22:18:06.123962,99091.4,SHORT,99091.4,100050.29353092001,97653.05970361998,0.14,BEARISH
2025-02-21 22:18:13.618654,99206.9,SHORT,99206.9,100165.79353092001,97768.55970361998,0.26,BEARISH
2025-02-21 22:18:21.416625,99175.8,SHORT,99175.8,100134.69353092002,97737.45970361998,0.26,BEARISH
2025-02-21 22:18:31.068742,99164.2,SHORT,99164.2,100123.09353092001,97725.85970361998,0.26,BEARISH
2025-02-21 22:18:38.392382,99158.1,SHORT,99158.1,100116.99353092002,97719.75970361999,0.26,BEARISH
2025-02-21 22:18:45.935140,99152.0,SHORT,99152.0,100110.89353092002,97713.65970361998,0.26,BEARISH
2025-02-21 22:18:53.282394,99155.1,SHORT,99155.1,100113.99353092002,97716.75970361999,0.26,BEARISH
2025-02-21 22:19:01.236670,99157.2,SHORT,99157.2,100116.09353092001,97718.85970361998,0.26,BEARISH
2025-02-21 22:19:09.104711,99169.0,SHORT,99169.0,100127.89353092002,97730.65970361998,0.26,BEARISH
2025-02-21 22:19:18.012193,99199.9,SHORT,99199.9,100158.79353092001,97761.55970361998,0.26,BEARISH
2025-02-21 22:19:26.983439,99199.9,SHORT,99199.9,100158.79353092001,97761.55970361998,0.26,BEARISH
2025-02-21 22:19:35.299577,99217.6,SHORT,99217.6,100176.49353092002,97779.25970361999,0.26,BEARISH
2025-02-21 22:19:44.521752,99209.4,SHORT,99209.4,100168.29353092001,97771.05970361998,0.26,BEARISH
2025-02-21 22:19:52.040010,99185.6,SHORT,99185.6,100144.49353092002,97747.25970361999,0.26,BEARISH
2025-02-21 22:19:59.514822,99175.4,SHORT,99175.4,100134.29353092001,97737.05970361998,0.26,BEARISH
2025-02-21 22:20:06.809084,99142.0,SHORT,99142.0,100100.89353092002,97703.65970361998,0.26,BEARISH
2025-02-21 22:20:15.614666,99100.0,SHORT,99100.0,100058.89353092002,97661.65970361998,0.14,BEARISH
2025-02-21 22:20:23.023639,99080.1,LONG,99080.1,98121.20646907999,100518.44029638002,0.48,BULLISH
2025-02-21 22:20:29.781409,99043.3,LONG,99043.3,98084.40646907999,100481.64029638002,0.6200000000000001,BULLISH
2025-02-21 22:20:37.452304,99017.4,LONG,99017.4,98058.50646907998,100455.74029638001,0.6200000000000001,BULLISH
2025-02-21 22:20:44.733806,98980.0,LONG,98980.0,98021.10646907998,100418.34029638002,0.72,BULLISH
2025-02-21 22:20:52.476272,98963.1,LONG,98963.1,98004.20646907999,100401.44029638002,0.72,BULLISH
2025-02-21 22:21:01.818642,98974.5,LONG,98974.5,98015.60646907998,100412.84029638002,0.72,BULLISH
2025-02-21 22:21:09.659166,98970.1,LONG,98970.1,98011.20646907999,100408.44029638002,0.72,BULLISH
2025-02-21 22:21:17.169837,98967.8,LONG,98967.8,98008.90646907999,100406.14029638002,0.72,BULLISH
2025-02-21 22:21:25.983928,98866.8,LONG,98866.8,97907.90646907999,100305.14029638002,0.7,BULLISH
2025-02-21 22:21:34.108391,98764.2,LONG,98764.2,97805.30646907998,100202.54029638002,0.72,BULLISH
2025-02-21 22:21:41.341201,98731.0,SHORT,98731.0,99689.89353092002,97292.65970361998,0.19999999999999996,BEARISH
2025-02-21 22:21:49.088862,98656.5,SHORT,98656.5,99615.39353092002,97218.15970361998,0.36,BEARISH
2025-02-21 22:21:56.567535,98501.1,SHORT,98501.1,99466.13638806288,97053.5454179057,0.43999999999999995,BEARISH
2025-02-21 22:22:03.812674,98586.6,SHORT,98586.6,99551.63638806288,97139.0454179057,0.38,BEARISH
2025-02-21 22:22:12.081275,98486.9,SHORT,98486.9,99463.00781663429,97022.73827504856,0.48,BEARISH
2025-02-21 22:22:19.572949,98465.3,SHORT,98465.3,99444.73638806287,96996.1454179057,0.52,BEARISH
2025-02-21 22:22:28.251966,98396.7,SHORT,98396.7,99380.63638806286,96920.7954179057,0.52,BEARISH
2025-02-21 22:22:36.614161,98498.8,SHORT,98498.8,99482.73638806287,97022.8954179057,0.43999999999999995,BEARISH
2025-02-21 22:22:44.304407,98537.9,SHORT,98537.9,99521.83638806286,97061.9954179057,0.38,BEARISH
2025-02-21 22:22:52.495334,98412.9,SHORT,98412.9,99398.59353092,96934.35970361998,0.52,BEARISH
2025-02-21 22:22:59.825950,98407.7,SHORT,98407.7,99393.39353092,96929.15970361998,0.52,BEARISH
2025-02-21 22:23:07.292909,98437.4,SHORT,98437.4,99423.09353092,96958.85970361998,0.52,BEARISH
2025-02-21 22:23:14.604245,98449.3,SHORT,98449.3,99434.99353092001,96970.75970361999,0.52,BEARISH
2025-02-21 22:23:23.418155,98418.5,SHORT,98418.5,99404.19353092,96939.95970361998,0.52,BEARISH
2025-02-21 22:23:30.825287,98397.5,SHORT,98397.5,99383.19353092,96918.95970361998,0.52,BEARISH
2025-02-21 22:23:36.960642,98403.8,SHORT,98403.8,99389.49353092001,96925.25970361999,0.52,BEARISH
2025-02-21 22:23:46.116659,98328.3,SHORT,98328.3,99326.89353092002,96830.40970361998,0.64,BEARISH
2025-02-21 22:23:53.612313,98318.4,SHORT,98318.4,99316.99353092001,96820.50970361997,0.64,BEARISH
2025-02-21 22:24:02.022482,98322.9,SHORT,98322.9,99321.49353092001,96825.00970361997,0.64,BEARISH
2025-02-21 22:24:09.430230,98257.4,SHORT,98257.4,99259.46495949144,96754.30256076284,0.64,BEARISH
2025-02-21 22:24:17.360636,98233.6,SHORT,98233.6,99239.17924520573,96725.23113219142,0.64,BEARISH
2025-02-21 22:24:31.004126,98250.0,SHORT,98250.0,99257.29353092001,96739.05970361998,0.64,BEARISH
2025-02-21 22:24:38.851268,98241.1,SHORT,98241.1,99248.39353092002,96730.15970361998,0.64,BEARISH
2025-02-21 22:24:46.698618,98299.9,SHORT,98299.9,99307.19353092,96788.95970361997,0.64,BEARISH
2025-02-21 22:24:52.788157,98252.2,SHORT,98252.2,99259.49353092001,96741.25970361997,0.64,BEARISH
2025-02-21 22:25:00.353212,98220.1,SHORT,98220.1,99227.39353092002,96709.15970361998,0.64,BEARISH
2025-02-21 22:25:07.683218,98210.0,SHORT,98210.0,99217.60781663429,96698.58827504856,0.64,BEARISH
2025-02-21 22:25:15.146119,98200.0,SHORT,98200.0,99213.17924520573,96680.23113219142,0.64,BEARISH
2025-02-21 22:25:22.440654,98199.9,SHORT,98199.9,99213.50781663429,96679.48827504856,0.64,BEARISH
2025-02-21 22:25:29.867924,98160.0,SHORT,98160.0,99179.59353092001,96630.60970361998,0.64,BEARISH
2025-02-21 22:25:37.551600,98105.4,SHORT,98105.4,99140.29353092001,96553.05970361998,0.64,BEARISH
2025-02-21 22:25:45.535813,97991.6,SHORT,97991.6,99028.06495949144,96436.90256076284,0.64,BEARISH
2025-02-21 22:25:53.974937,97861.3,SHORT,97861.3,98933.47924520573,96253.03113219142,0.64,BEARISH
2025-02-21 22:26:00.197957,97738.3,SHORT,97738.3,98817.09353092001,96120.10970361998,0.64,BEARISH
2025-02-21 22:26:07.057897,97603.6,SHORT,97603.6,98700.69353092002,95957.95970361998,0.64,BEARISH
2025-02-21 22:26:13.401136,97791.8,SHORT,97791.8,98888.89353092002,96146.15970361998,0.64,BEARISH
2025-02-21 22:26:22.612788,97804.8,SHORT,97804.8,98901.89353092002,96159.15970361998,0.64,BEARISH
2025-02-21 22:26:30.906378,97818.2,SHORT,97818.2,98915.29353092001,96172.55970361998,0.64,BEARISH
2025-02-21 22:26:38.647023,97720.1,SHORT,97720.1,98817.19353092002,96074.45970361998,0.64,BEARISH
2025-02-21 22:26:46.049982,97791.3,SHORT,97791.3,98888.39353092002,96145.65970361998,0.64,BEARISH
2025-02-21 22:26:53.744613,97738.5,SHORT,97738.5,98835.59353092001,96092.85970361998,0.64,BEARISH
2025-02-21 22:26:59.946011,97932.0,SHORT,97932.0,99029.09353092001,96286.35970361998,0.64,BEARISH
2025-02-21 22:27:07.251877,97992.5,SHORT,97992.5,99089.59353092001,96346.85970361998,0.64,BEARISH
2025-02-21 22:27:14.755560,97945.7,SHORT,97945.7,99042.79353092001,96300.05970361998,0.64,BEARISH
2025-02-21 22:27:22.408339,97841.9,SHORT,97841.9,98938.99353092001,96196.25970361997,0.64,BEARISH
2025-02-21 22:27:29.652726,97925.4,SHORT,97925.4,99022.49353092001,96279.75970361997,0.64,BEARISH
2025-02-21 22:27:37.049802,97826.4,SHORT,97826.4,98923.49353092001,96180.75970361997,0.64,BEARISH
2025-02-21 22:27:43.350292,97811.2,SHORT,97811.2,98908.29353092001,96165.55970361998,0.64,BEARISH
2025-02-21 22:27:51.592156,97811.3,SHORT,97811.3,98908.39353092002,96165.65970361998,0.64,BEARISH
2025-02-21 22:27:59.936126,97870.6,SHORT,97870.6,98967.69353092002,96224.95970361998,0.64,BEARISH
2025-02-21 22:28:07.252998,97904.7,SHORT,97904.7,99001.79353092001,96259.05970361998,0.64,BEARISH
2025-02-21 22:28:14.949319,98028.3,SHORT,98028.3,99125.39353092002,96382.65970361998,0.64,BEARISH
2025-02-21 22:28:21.809051,97986.7,SHORT,97986.7,99083.79353092001,96341.05970361998,0.64,BEARISH
2025-02-21 22:28:29.327495,98082.6,SHORT,98082.6,99179.69353092002,96436.95970361998,0.64,BEARISH
2025-02-21 22:28:38.358931,98081.9,SHORT,98081.9,99178.99353092001,96436.25970361997,0.64,BEARISH
2025-02-21 22:28:50.284762,98132.5,SHORT,98132.5,99229.59353092001,96486.85970361998,0.64,BEARISH
2025-02-21 22:29:02.750782,98097.5,SHORT,98097.5,99194.59353092001,96451.85970361998,0.64,BEARISH
2025-02-21 22:29:10.263338,98135.0,SHORT,98135.0,99232.09353092001,96489.35970361998,0.64,BEARISH
2025-02-21 22:29:18.351446,98097.8,SHORT,98097.8,99194.89353092002,96452.15970361998,0.64,BEARISH
2025-02-21 22:29:27.242913,98175.0,SHORT,98175.0,99272.09353092001,96529.35970361998,0.64,BEARISH
2025-02-21 22:29:35.610079,98177.2,SHORT,98177.2,99274.29353092001,96531.55970361998,0.64,BEARISH
2025-02-21 22:29:42.903465,98179.0,SHORT,98179.0,99276.09353092001,96533.35970361998,0.64,BEARISH
2025-02-21 22:29:50.475082,98175.1,SHORT,98175.1,99272.19353092002,96529.45970361998,0.64,BEARISH
2025-02-21 22:29:57.898901,98175.1,SHORT,98175.1,99272.19353092002,96529.45970361998,0.64,BEARISH
2025-02-21 22:30:05.856270,98165.3,SHORT,98165.3,99262.39353092002,96519.65970361998,0.64,BEARISH
2025-02-21 22:30:13.468862,98045.4,SHORT,98045.4,99142.49353092001,96399.75970361997,0.64,BEARISH
2025-02-21 22:30:21.158131,97957.5,SHORT,97957.5,99054.59353092001,96311.85970361998,0.64,BEARISH
2025-02-21 22:30:28.435267,97922.0,SHORT,97922.0,99019.09353092001,96276.35970361998,0.64,BEARISH
2025-02-21 22:30:34.775846,97945.0,SHORT,97945.0,99042.09353092001,96299.35970361998,0.64,BEARISH
2025-02-21 22:30:43.465709,97943.6,SHORT,97943.6,99040.69353092002,96297.95970361998,0.64,BEARISH
2025-02-21 22:30:51.587814,97959.9,SHORT,97959.9,99056.99353092001,96314.25970361997,0.64,BEARISH
2025-02-21 22:31:01.552824,98008.2,SHORT,98008.2,99105.29353092001,96362.55970361998,0.64,BEARISH
2025-02-21 22:31:11.211078,97936.6,SHORT,97936.6,99033.69353092002,96290.95970361998,0.64,BEARISH
2025-02-21 22:31:20.412041,97920.0,SHORT,97920.0,99017.09353092001,96274.35970361998,0.64,BEARISH
2025-02-21 22:31:31.165716,97878.7,SHORT,97878.7,98975.79353092001,96233.05970361998,0.64,BEARISH
2025-02-21 22:31:38.847367,97860.4,SHORT,97860.4,98957.49353092001,96214.75970361997,0.64,BEARISH
2025-02-21 22:31:46.297966,97824.5,SHORT,97824.5,98921.59353092001,96178.85970361998,0.64,BEARISH
2025-02-21 22:31:52.559700,97855.0,SHORT,97855.0,98952.09353092001,96209.35970361998,0.64,BEARISH
2025-02-21 22:31:59.341527,97838.0,SHORT,97838.0,98935.09353092001,96192.35970361998,0.64,BEARISH
2025-02-21 22:32:08.005800,97794.2,SHORT,97794.2,98891.29353092001,96148.55970361998,0.64,BEARISH
2025-02-21 22:32:15.412860,97777.0,SHORT,97777.0,98874.09353092001,96131.35970361998,0.64,BEARISH
2025-02-21 22:32:22.729458,97793.2,SHORT,97793.2,98890.29353092001,96147.55970361998,0.64,BEARISH
2025-02-21 22:32:30.868267,97771.4,SHORT,97771.4,98868.49353092001,96125.75970361997,0.64,BEARISH
2025-02-21 22:32:38.738943,97766.0,SHORT,97766.0,98863.09353092001,96120.35970361998,0.64,BEARISH
2025-02-21 22:32:49.476332,97785.8,SHORT,97785.8,98882.89353092002,96140.15970361998,0.64,BEARISH
2025-02-21 22:32:59.523478,97894.6,SHORT,97894.6,98991.69353092002,96248.95970361998,0.64,BEARISH
2025-02-21 22:33:06.859861,97843.2,SHORT,97843.2,98940.29353092001,96197.55970361998,0.64,BEARISH
2025-02-21 22:33:14.183244,97814.7,SHORT,97814.7,98911.79353092001,96169.05970361998,0.64,BEARISH
2025-02-21 22:33:22.182032,97800.9,SHORT,97800.9,98897.99353092001,96155.25970361997,0.64,BEARISH
2025-02-21 22:33:28.293991,97756.5,SHORT,97756.5,98853.59353092001,96110.85970361998,0.64,BEARISH
2025-02-21 22:33:34.902474,97668.6,SHORT,97668.6,98765.69353092002,96022.95970361998,0.64,BEARISH
2025-02-21 22:33:41.153953,97630.6,SHORT,97630.6,98727.69353092002,95984.95970361998,0.64,BEARISH
2025-02-21 22:33:48.100312,97644.5,SHORT,97644.5,98741.59353092001,95998.85970361998,0.64,BEARISH
2025-02-21 22:33:54.770918,97652.1,SHORT,97652.1,98749.19353092002,96006.45970361998,0.64,BEARISH
2025-02-21 22:34:02.135354,97638.7,SHORT,97638.7,98735.79353092001,95993.05970361998,0.64,BEARISH
2025-02-21 22:34:09.602231,97603.0,SHORT,97603.0,98700.09353092001,95957.35970361998,0.64,BEARISH
2025-02-21 22:34:15.775911,97621.5,SHORT,97621.5,98718.59353092001,95975.85970361998,0.64,BEARISH
2025-02-21 22:34:23.159102,97735.9,SHORT,97735.9,98832.99353092001,96090.25970361997,0.64,BEARISH
2025-02-21 22:34:31.038174,97760.0,SHORT,97760.0,98857.09353092001,96114.35970361998,0.64,BEARISH
2025-02-21 22:34:42.084778,97771.3,SHORT,97771.3,98868.39353092002,96125.65970361998,0.64,BEARISH
2025-02-21 22:34:48.299846,97792.4,SHORT,97792.4,98889.49353092001,96146.75970361997,0.64,BEARISH
2025-02-21 22:34:58.426847,97776.0,SHORT,97776.0,98873.09353092001,96130.35970361998,0.64,BEARISH
2025-02-21 22:35:06.032413,97793.5,SHORT,97793.5,98890.59353092001,96147.85970361998,0.64,BEARISH
2025-02-21 22:35:14.689214,97835.1,SHORT,97835.1,98932.19353092002,96189.45970361998,0.64,BEARISH
2025-02-21 22:35:24.531850,97764.9,SHORT,97764.9,98861.99353092001,96119.25970361997,0.64,BEARISH
2025-02-21 22:35:31.853535,97714.2,SHORT,97714.2,98811.29353092001,96068.55970361998,0.64,BEARISH
2025-02-21 22:35:41.015182,97704.1,SHORT,97704.1,98801.19353092002,96058.45970361998,0.64,BEARISH
2025-02-21 22:35:48.522288,97658.0,SHORT,97658.0,98755.09353092001,96012.35970361998,0.64,BEARISH
2025-02-21 22:35:58.040598,97630.2,SHORT,97630.2,98727.29353092001,95984.55970361998,0.64,BEARISH
2025-02-21 22:36:04.378432,97602.8,SHORT,97602.8,98699.89353092002,95957.15970361998,0.64,BEARISH
2025-02-21 22:36:11.479025,97592.7,SHORT,97592.7,98690.45067377714,95946.07398933427,0.64,BEARISH
2025-02-21 22:36:18.799633,97539.9,SHORT,97539.9,98645.63638806286,95881.2954179057,0.64,BEARISH
2025-02-21 22:36:26.173814,97501.1,SHORT,97501.1,98608.99353092002,95839.25970361999,0.64,BEARISH
2025-02-21 22:36:33.644903,97455.1,SHORT,97455.1,98573.96495949145,95776.80256076285,0.64,BEARISH
2025-02-21 22:36:41.319169,97426.8,SHORT,97426.8,98550.69353092002,95740.95970361998,0.64,BEARISH
2025-02-21 22:36:48.701968,97385.8,SHORT,97385.8,98512.22210234859,95696.16684647714,0.64,BEARISH
2025-02-21 22:36:56.406433,97441.6,SHORT,97441.6,98568.0221023486,95751.96684647714,0.64,BEARISH
2025-02-21 22:37:03.858976,97547.3,SHORT,97547.3,98673.72210234859,95857.66684647714,0.64,BEARISH
2025-02-21 22:37:11.240269,97513.2,SHORT,97513.2,98639.62210234859,95823.56684647713,0.64,BEARISH
2025-02-21 22:37:17.402420,97469.1,SHORT,97469.1,98595.5221023486,95779.46684647714,0.64,BEARISH
2025-02-21 22:37:25.871746,97373.5,SHORT,97373.5,98500.80781663429,95682.53827504856,0.64,BEARISH
2025-02-21 22:37:33.938361,97386.1,SHORT,97386.1,98513.99353092002,95694.25970361999,0.64,BEARISH
2025-02-21 22:37:41.224143,97389.7,SHORT,97389.7,98517.59353092001,95697.85970361998,0.64,BEARISH
2025-02-21 22:37:48.466445,97419.5,SHORT,97419.5,98547.39353092002,95727.65970361998,0.64,BEARISH
2025-02-21 22:37:54.595031,97410.0,SHORT,97410.0,98537.89353092002,95718.15970361998,0.64,BEARISH
2025-02-21 22:38:02.017224,97380.0,SHORT,97380.0,98507.89353092002,95688.15970361998,0.64,BEARISH
2025-02-21 22:38:10.530930,97387.8,SHORT,97387.8,98515.69353092002,95695.95970361998,0.64,BEARISH
2025-02-21 22:38:17.196307,97441.8,SHORT,97441.8,98569.69353092002,95749.95970361998,0.64,BEARISH
2025-02-21 22:38:23.380040,97455.1,SHORT,97455.1,98582.99353092002,95763.25970361999,0.64,BEARISH
2025-02-21 22:38:30.716144,97520.6,SHORT,97520.6,98648.49353092002,95828.75970361999,0.64,BEARISH
2025-02-21 22:38:38.485357,97442.0,SHORT,97442.0,98569.89353092002,95750.15970361998,0.64,BEARISH
2025-02-21 22:38:45.277585,97446.7,SHORT,97446.7,98574.59353092001,95754.85970361998,0.64,BEARISH
2025-02-21 22:38:51.879006,97519.4,SHORT,97519.4,98647.29353092001,95827.55970361998,0.64,BEARISH
2025-02-21 22:38:58.523642,97568.3,SHORT,97568.3,98696.19353092002,95876.45970361998,0.64,BEARISH
2025-02-21 22:39:05.212578,97507.7,SHORT,97507.7,98635.59353092001,95815.85970361998,0.64,BEARISH
2025-02-21 22:39:12.832676,97414.1,SHORT,97414.1,98541.99353092002,95722.25970361999,0.64,BEARISH
2025-02-21 22:39:21.467677,97432.0,SHORT,97432.0,98559.89353092002,95740.15970361998,0.64,BEARISH
2025-02-21 22:39:27.971567,97380.0,SHORT,97380.0,98507.89353092002,95688.15970361998,0.64,BEARISH
2025-02-21 22:39:36.169412,97376.1,SHORT,97376.1,98503.99353092002,95684.25970361999,0.64,BEARISH
2025-02-21 22:39:42.414406,97448.6,SHORT,97448.6,98576.49353092002,95756.75970361999,0.64,BEARISH
2025-02-21 22:39:49.910029,97458.1,SHORT,97458.1,98585.99353092002,95766.25970361999,0.64,BEARISH
2025-02-21 22:39:56.154047,97392.0,SHORT,97392.0,98519.89353092002,95700.15970361998,0.64,BEARISH
2025-02-21 22:40:03.556068,97440.3,SHORT,97440.3,98568.19353092002,95748.45970361998,0.64,BEARISH
2025-02-21 22:40:10.972771,97390.5,SHORT,97390.5,98518.39353092002,95698.65970361998,0.64,BEARISH
2025-02-21 22:40:21.522268,97373.6,SHORT,97373.6,98501.49353092002,95681.75970361999,0.64,BEARISH
2025-02-21 22:40:31.738115,97387.4,SHORT,97387.4,98515.29353092001,95695.55970361998,0.64,BEARISH
2025-02-21 22:40:43.033166,97376.6,SHORT,97376.6,98504.49353092002,95684.75970361999,0.64,BEARISH
2025-02-21 22:40:50.655338,97345.0,SHORT,97345.0,98480.76495949144,95641.35256076284,0.64,BEARISH
2025-02-21 22:40:58.679170,97306.3,SHORT,97306.3,98442.06495949144,95602.65256076284,0.64,BEARISH
2025-02-21 22:41:08.933174,97353.3,SHORT,97353.3,98489.06495949144,95649.65256076284,0.64,BEARISH
2025-02-21 22:41:15.646034,97305.1,SHORT,97305.1,98440.86495949145,95601.45256076285,0.64,BEARISH
2025-02-21 22:41:22.101729,97314.9,SHORT,97314.9,98450.66495949143,95611.25256076283,0.64,BEARISH
2025-02-21 22:41:29.372845,97319.0,SHORT,97319.0,98454.76495949144,95615.35256076284,0.64,BEARISH
2025-02-21 22:41:37.260709,97300.1,SHORT,97300.1,98436.56495949144,95595.40256076284,0.64,BEARISH
2025-02-21 22:41:45.511923,97262.0,SHORT,97262.0,98403.97924520573,95549.0311321914,0.64,BEARISH
2025-02-21 22:41:53.046228,97272.7,SHORT,97272.7,98415.77924520572,95558.08113219141,0.64,BEARISH
2025-02-21 22:42:01.270087,97285.7,SHORT,97285.7,98428.77924520572,95571.08113219141,0.64,BEARISH
2025-02-21 22:42:10.006409,97321.6,SHORT,97321.6,98464.67924520573,95606.98113219142,0.64,BEARISH
2025-02-21 22:42:18.697345,97409.9,SHORT,97409.9,98552.97924520572,95695.2811321914,0.64,BEARISH
2025-02-21 22:42:25.593307,97379.4,SHORT,97379.4,98522.47924520572,95664.7811321914,0.64,BEARISH
2025-02-21 22:42:33.012744,97422.2,SHORT,97422.2,98565.27924520572,95707.58113219141,0.64,BEARISH
2025-02-21 22:42:39.599814,97374.6,SHORT,97374.6,98517.67924520573,95659.98113219142,0.64,BEARISH
2025-02-21 22:42:48.197283,97351.7,SHORT,97351.7,98494.77924520572,95637.08113219141,0.64,BEARISH
2025-02-21 22:42:55.679326,97282.5,SHORT,97282.5,98425.57924520572,95567.88113219141,0.64,BEARISH
2025-02-21 22:43:03.007587,97273.2,SHORT,97273.2,98416.27924520572,95558.58113219141,0.64,BEARISH
2025-02-21 22:43:10.303245,97274.4,SHORT,97274.4,98417.92210234857,95559.11684647712,0.64,BEARISH
2025-02-21 22:43:17.538696,97238.1,SHORT,97238.1,98383.77924520573,95519.58113219142,0.64,BEARISH
2025-02-21 22:43:23.741889,97205.7,SHORT,97205.7,98356.02210234858,95480.21684647712,0.64,BEARISH
2025-02-21 22:43:31.016271,97233.3,SHORT,97233.3,98383.62210234859,95507.81684647713,0.64,BEARISH
2025-02-21 22:43:38.520652,97240.1,SHORT,97240.1,98390.42210234859,95514.61684647713,0.64,BEARISH
2025-02-21 22:43:44.684938,97229.7,SHORT,97229.7,98380.02210234858,95504.21684647712,0.64,BEARISH
2025-02-21 22:43:52.073071,97211.1,SHORT,97211.1,98361.42210234859,95485.61684647713,0.64,BEARISH
2025-02-21 22:43:59.386967,97203.1,SHORT,97203.1,98353.42210234859,95477.61684647713,0.64,BEARISH
2025-02-21 22:44:07.992043,97202.6,SHORT,97202.6,98360.2078166343,95466.18827504857,0.64,BEARISH
2025-02-21 22:44:15.235808,97189.4,SHORT,97189.4,98348.29353092001,95451.05970361998,0.64,BEARISH
2025-02-21 22:44:22.756053,97315.2,SHORT,97315.2,98474.09353092001,95576.85970361998,0.64,BEARISH
2025-02-21 22:44:29.465993,97353.4,SHORT,97353.4,98512.29353092001,95615.05970361998,0.64,BEARISH
2025-02-21 22:44:37.235756,97398.7,SHORT,97398.7,98557.59353092001,95660.35970361998,0.64,BEARISH
2025-02-21 22:44:44.527324,97398.1,SHORT,97398.1,98556.99353092002,95659.75970361999,0.64,BEARISH
2025-02-21 22:44:51.024378,97422.6,SHORT,97422.6,98581.49353092002,95684.25970361999,0.64,BEARISH
2025-02-21 22:44:58.671351,97515.2,SHORT,97515.2,98674.09353092001,95776.85970361998,0.64,BEARISH
2025-02-21 22:45:06.061914,97555.5,SHORT,97555.5,98714.39353092002,95817.15970361998,0.64,BEARISH
2025-02-21 22:45:13.853943,97552.0,SHORT,97552.0,98710.89353092002,95813.65970361998,0.5,BEARISH
2025-02-21 22:45:20.024462,97456.2,SHORT,97456.2,98615.09353092001,95717.85970361998,0.5,BEARISH
2025-02-21 22:45:27.395456,97473.4,SHORT,97473.4,98632.29353092001,95735.05970361998,0.5,BEARISH
2025-02-21 22:45:33.759377,97473.4,SHORT,97473.4,98632.29353092001,95735.05970361998,0.5,BEARISH
2025-02-21 22:45:41.105352,97627.2,SHORT,97627.2,98786.09353092001,95888.85970361998,0.5,BEARISH
2025-02-21 22:45:48.462899,97620.1,SHORT,97620.1,98778.99353092002,95881.75970361999,0.5,BEARISH
2025-02-21 22:45:54.947903,97696.8,SHORT,97696.8,98855.69353092002,95958.45970361998,0.5,BEARISH
2025-02-21 22:46:02.388211,97736.1,SHORT,97736.1,98894.99353092002,95997.75970361999,0.5,BEARISH
2025-02-21 22:46:09.658826,97800.0,SHORT,97800.0,98958.89353092002,96061.65970361998,0.5,BEARISH
2025-02-21 22:46:17.420587,97943.1,SHORT,97943.1,99101.99353092002,96204.75970361999,0.5,BEARISH
2025-02-21 22:46:24.804115,97813.2,SHORT,97813.2,98972.09353092001,96074.85970361998,0.5,BEARISH
2025-02-21 22:46:34.578523,97930.9,SHORT,97930.9,99089.79353092001,96192.55970361998,0.5,BEARISH
2025-02-21 22:46:41.953534,97829.5,SHORT,97829.5,98988.39353092002,96091.15970361998,0.5,BEARISH
2025-02-21 22:46:56.386577,97712.6,SHORT,97712.6,98871.49353092002,95974.25970361999,0.5,BEARISH
2025-02-21 22:47:03.968522,97875.0,SHORT,97875.0,99033.89353092002,96136.65970361998,0.5,BEARISH
2025-02-21 22:47:12.929049,97859.9,SHORT,97859.9,99018.79353092001,96121.55970361998,0.5,BEARISH
2025-02-21 22:47:20.180298,97902.5,SHORT,97902.5,99061.39353092002,96164.15970361998,0.5,BEARISH
2025-02-21 22:47:28.802407,97978.1,SHORT,97978.1,99136.99353092002,96239.75970361999,0.5,BEARISH
2025-02-21 22:47:36.465619,97990.0,SHORT,97990.0,99148.89353092002,96251.65970361998,0.5,BEARISH
2025-02-21 22:47:42.670491,98033.0,SHORT,98033.0,99191.89353092002,96294.65970361998,0.5,BEARISH
2025-02-21 22:47:50.266544,98008.4,SHORT,98008.4,99167.29353092001,96270.05970361998,0.5,BEARISH
2025-02-21 22:47:59.018482,97973.8,SHORT,97973.8,99132.69353092002,96235.45970361998,0.5,BEARISH
2025-02-21 22:48:07.873041,97878.0,SHORT,97878.0,99036.89353092002,96139.65970361998,0.5,BEARISH
2025-02-21 22:48:15.099144,97948.6,SHORT,97948.6,99107.49353092002,96210.25970361999,0.5,BEARISH
2025-02-21 22:48:23.402814,97882.6,SHORT,97882.6,99041.49353092002,96144.25970361999,0.5,BEARISH
2025-02-21 22:48:30.660986,97860.2,SHORT,97860.2,99019.09353092001,96121.85970361998,0.5,BEARISH
2025-02-21 22:48:36.933043,97886.8,SHORT,97886.8,99045.69353092002,96148.45970361998,0.5,BEARISH
2025-02-21 22:48:44.689013,97941.0,SHORT,97941.0,99099.89353092002,96202.65970361998,0.5,BEARISH
2025-02-21 22:48:51.934035,97876.0,SHORT,97876.0,99034.89353092002,96137.65970361998,0.5,BEARISH
2025-02-21 22:48:59.293074,97909.8,SHORT,97909.8,99068.69353092002,96171.45970361998,0.5,BEARISH
2025-02-21 22:49:06.376409,97865.1,SHORT,97865.1,99023.99353092002,96126.75970361999,0.5,BEARISH
2025-02-21 22:49:15.566640,97807.1,SHORT,97807.1,98965.99353092002,96068.75970361999,0.5,BEARISH
2025-02-21 22:49:23.282103,97803.9,SHORT,97803.9,98962.79353092001,96065.55970361998,0.5,BEARISH
2025-02-21 22:49:30.074214,97706.5,SHORT,97706.5,98865.39353092002,95968.15970361998,0.5,BEARISH
2025-02-21 22:49:38.374054,97741.8,SHORT,97741.8,98900.69353092002,96003.45970361998,0.5,BEARISH
2025-02-21 22:49:45.725237,97708.0,SHORT,97708.0,98866.89353092002,95969.65970361998,0.5,BEARISH
2025-02-21 22:49:52.225799,97744.1,SHORT,97744.1,98902.99353092002,96005.75970361999,0.5,BEARISH
2025-02-21 22:49:59.530380,97751.9,SHORT,97751.9,98910.79353092001,96013.55970361998,0.5,BEARISH
2025-02-21 22:50:06.953942,97718.5,SHORT,97718.5,98877.39353092002,95980.15970361998,0.5,BEARISH
2025-02-21 22:50:14.355282,97729.9,SHORT,97729.9,98888.79353092001,95991.55970361998,0.43999999999999995,BEARISH
2025-02-21 22:50:20.574046,97799.9,SHORT,97799.9,98958.79353092001,96061.55970361998,0.43999999999999995,BEARISH
2025-02-21 22:50:27.921552,97842.6,SHORT,97842.6,99001.49353092002,96104.25970361999,0.43999999999999995,BEARISH
2025-02-21 22:50:35.192433,97793.5,SHORT,97793.5,98952.39353092002,96055.15970361998,0.43999999999999995,BEARISH
2025-02-21 22:50:42.522628,97802.6,SHORT,97802.6,98961.49353092002,96064.25970361999,0.43999999999999995,BEARISH
2025-02-21 22:50:49.986068,97770.4,SHORT,97770.4,98929.29353092001,96032.05970361998,0.43999999999999995,BEARISH
2025-02-21 22:51:02.489271,97739.5,SHORT,97739.5,98898.39353092002,96001.15970361998,0.43999999999999995,BEARISH
2025-02-21 22:51:11.902178,97887.3,SHORT,97887.3,99046.19353092002,96148.95970361998,0.43999999999999995,BEARISH
2025-02-21 22:51:19.973664,97885.0,SHORT,97885.0,99043.89353092002,96146.65970361998,0.43999999999999995,BEARISH
2025-02-21 22:51:27.280030,97870.9,SHORT,97870.9,99029.79353092001,96132.55970361998,0.43999999999999995,BEARISH
2025-02-21 22:51:35.795444,97922.8,SHORT,97922.8,99081.69353092002,96184.45970361998,0.43999999999999995,BEARISH
2025-02-21 22:51:42.599158,97850.0,SHORT,97850.0,99008.89353092002,96111.65970361998,0.43999999999999995,BEARISH
2025-02-21 22:51:50.596356,97856.4,SHORT,97856.4,99015.29353092001,96118.05970361998,0.43999999999999995,BEARISH
2025-02-21 22:51:58.398394,97928.7,SHORT,97928.7,99087.59353092001,96190.35970361998,0.43999999999999995,BEARISH
2025-02-21 22:52:05.859451,97913.3,SHORT,97913.3,99072.19353092002,96174.95970361998,0.43999999999999995,BEARISH
2025-02-21 22:52:13.756654,97952.5,SHORT,97952.5,99111.39353092002,96214.15970361998,0.43999999999999995,BEARISH
2025-02-21 22:52:21.830430,97976.9,SHORT,97976.9,99135.79353092001,96238.55970361998,0.43999999999999995,BEARISH
2025-02-21 22:52:28.496811,98010.1,SHORT,98010.1,99168.99353092002,96271.75970361999,0.43999999999999995,BEARISH
2025-02-21 22:52:35.778494,97999.9,SHORT,97999.9,99158.79353092001,96261.55970361998,0.43999999999999995,BEARISH
2025-02-21 22:52:43.142973,98038.2,SHORT,98038.2,99197.09353092001,96299.85970361998,0.43999999999999995,BEARISH
2025-02-21 22:52:50.694572,98041.5,SHORT,98041.5,99200.39353092002,96303.15970361998,0.43999999999999995,BEARISH
2025-02-21 22:52:58.002094,98044.1,SHORT,98044.1,99202.99353092002,96305.75970361999,0.43999999999999995,BEARISH
2025-02-21 22:53:05.407769,98047.0,SHORT,98047.0,99205.89353092002,96308.65970361998,0.43999999999999995,BEARISH
2025-02-21 22:53:12.524166,98014.7,SHORT,98014.7,99173.59353092001,96276.35970361998,0.43999999999999995,BEARISH
2025-02-21 22:53:28.051501,98189.4,SHORT,98189.4,99348.29353092001,96451.05970361998,0.43999999999999995,BEARISH
2025-02-21 22:53:35.184448,98203.9,SHORT,98203.9,99362.79353092001,96465.55970361998,0.43999999999999995,BEARISH
2025-02-21 22:53:41.618221,98217.3,SHORT,98217.3,99376.19353092002,96478.95970361998,0.43999999999999995,BEARISH
2025-02-21 22:53:48.769845,98234.8,SHORT,98234.8,99393.69353092002,96496.45970361998,0.43999999999999995,BEARISH
2025-02-21 22:53:54.779953,98197.0,SHORT,98197.0,99355.89353092002,96458.65970361998,0.43999999999999995,BEARISH
2025-02-21 22:54:01.326182,98204.1,SHORT,98204.1,99362.99353092002,96465.75970361999,0.43999999999999995,BEARISH
2025-02-21 22:54:07.885550,98199.9,SHORT,98199.9,99358.79353092001,96461.55970361998,0.43999999999999995,BEARISH
2025-02-21 22:54:15.950894,98162.0,SHORT,98162.0,99320.89353092002,96423.65970361998,0.43999999999999995,BEARISH
2025-02-21 22:54:23.353341,98080.0,SHORT,98080.0,99238.89353092002,96341.65970361998,0.43999999999999995,BEARISH
2025-02-21 22:54:30.969950,98149.9,SHORT,98149.9,99308.79353092001,96411.55970361998,0.43999999999999995,BEARISH
2025-02-21 22:54:37.617160,98173.1,SHORT,98173.1,99331.99353092002,96434.75970361999,0.43999999999999995,BEARISH
2025-02-21 22:54:43.831665,98114.9,SHORT,98114.9,99273.79353092001,96376.55970361998,0.43999999999999995,BEARISH
2025-02-21 22:54:51.475262,98106.1,SHORT,98106.1,99264.99353092002,96367.75970361999,0.43999999999999995,BEARISH
2025-02-21 22:54:59.136438,98119.8,SHORT,98119.8,99278.69353092002,96381.45970361998,0.43999999999999995,BEARISH
2025-02-21 22:55:06.559310,98088.8,SHORT,98088.8,99247.69353092002,96350.45970361998,0.43999999999999995,BEARISH
2025-02-21 22:55:12.840041,98060.8,SHORT,98060.8,99219.69353092002,96322.45970361998,0.43999999999999995,BEARISH
2025-02-21 22:55:21.238747,98052.6,SHORT,98052.6,99211.49353092002,96314.25970361999,0.52,BEARISH
2025-02-21 22:55:32.448372,98077.5,SHORT,98077.5,99236.39353092002,96339.15970361998,0.52,BEARISH
2025-02-21 22:55:40.794633,98064.9,SHORT,98064.9,99223.79353092001,96326.55970361998,0.52,BEARISH
2025-02-21 22:55:47.365696,98020.2,SHORT,98020.2,99179.09353092001,96281.85970361998,0.52,BEARISH
2025-02-21 22:55:57.962069,98011.7,SHORT,98011.7,99170.59353092001,96273.35970361998,0.52,BEARISH
2025-02-21 22:56:05.853704,97971.7,SHORT,97971.7,99130.59353092001,96233.35970361998,0.52,BEARISH
2025-02-21 22:56:12.470168,97958.3,SHORT,97958.3,99117.19353092002,96219.95970361998,0.52,BEARISH
2025-02-21 22:56:20.640083,97930.9,SHORT,97930.9,99089.79353092001,96192.55970361998,0.52,BEARISH
2025-02-21 22:56:28.325519,97981.2,SHORT,97981.2,99140.09353092001,96242.85970361998,0.52,BEARISH
2025-02-21 22:56:35.830527,97991.1,SHORT,97991.1,99149.99353092002,96252.75970361999,0.52,BEARISH
2025-02-21 22:56:43.104406,97950.6,SHORT,97950.6,99109.49353092002,96212.25970361999,0.52,BEARISH
2025-02-21 22:56:50.544694,97952.0,SHORT,97952.0,99110.89353092002,96213.65970361998,0.52,BEARISH
2025-02-21 22:56:57.845220,97965.0,SHORT,97965.0,99123.89353092002,96226.65970361998,0.52,BEARISH
2025-02-21 22:57:04.455628,98003.2,SHORT,98003.2,99162.09353092001,96264.85970361998,0.52,BEARISH
2025-02-21 22:57:12.749513,97987.5,SHORT,97987.5,99146.39353092002,96249.15970361998,0.52,BEARISH
2025-02-21 22:57:20.077009,97994.6,SHORT,97994.6,99153.49353092002,96256.25970361999,0.52,BEARISH
2025-02-21 22:57:28.140460,98004.1,SHORT,98004.1,99162.99353092002,96265.75970361999,0.52,BEARISH
2025-02-21 22:57:36.347789,97970.6,SHORT,97970.6,99129.49353092002,96232.25970361999,0.52,BEARISH
2025-02-21 22:57:44.529976,97985.8,SHORT,97985.8,99144.69353092002,96247.45970361998,0.52,BEARISH
2025-02-21 22:57:54.132429,97960.0,SHORT,97960.0,99118.89353092002,96221.65970361998,0.52,BEARISH
2025-02-21 22:58:02.287873,97968.6,SHORT,97968.6,99127.49353092002,96230.25970361999,0.52,BEARISH
2025-02-21 22:58:09.714531,97961.7,SHORT,97961.7,99120.59353092001,96223.35970361998,0.52,BEARISH
2025-02-21 22:58:17.157400,97950.7,SHORT,97950.7,99109.59353092001,96212.35970361998,0.52,BEARISH
2025-02-21 22:58:24.483608,98008.1,SHORT,98008.1,99166.99353092002,96269.75970361999,0.52,BEARISH
2025-02-21 22:58:34.363031,98024.6,SHORT,98024.6,99183.49353092002,96286.25970361999,0.52,BEARISH
2025-02-21 22:58:42.155704,97976.7,SHORT,97976.7,99135.59353092001,96238.35970361998,0.52,BEARISH
2025-02-21 22:58:49.792946,97975.1,SHORT,97975.1,99133.99353092002,96236.75970361999,0.52,BEARISH
2025-02-21 22:59:02.298022,97972.7,SHORT,97972.7,99131.59353092001,96234.35970361998,0.52,BEARISH
2025-02-21 22:59:10.400344,98010.6,SHORT,98010.6,99169.49353092002,96272.25970361999,0.52,BEARISH
2025-02-21 22:59:18.080689,97972.7,SHORT,97972.7,99131.59353092001,96234.35970361998,0.52,BEARISH
2025-02-21 22:59:25.432997,97999.9,SHORT,97999.9,99158.79353092001,96261.55970361998,0.52,BEARISH
2025-02-21 22:59:33.601020,98042.6,SHORT,98042.6,99201.49353092002,96304.25970361999,0.52,BEARISH
2025-02-21 22:59:41.184993,98028.8,SHORT,98028.8,99187.69353092002,96290.45970361998,0.52,BEARISH
2025-02-21 22:59:49.835730,98055.6,SHORT,98055.6,99214.49353092002,96317.25970361999,0.52,BEARISH
2025-02-21 22:59:57.690318,98017.4,SHORT,98017.4,99176.29353092001,96279.05970361998,0.52,BEARISH
2025-02-21 23:00:05.088787,98057.7,SHORT,98057.7,99133.82876558861,96443.50685161709,0.30000000000000004,BEARISH
2025-02-21 23:00:12.464135,98045.8,SHORT,98045.8,99130.1430513029,96419.28542304566,0.7,BEARISH
2025-02-21 23:00:19.915175,98014.5,SHORT,98014.5,99100.12876558861,96386.05685161709,0.7,BEARISH
2025-02-21 23:00:27.427550,98053.5,SHORT,98053.5,99142.60019416004,96419.84970875994,0.62,BEARISH
2025-02-21 23:00:34.586056,98044.9,SHORT,98044.9,99134.00019416003,96411.24970875993,0.62,BEARISH
2025-02-21 23:00:41.191837,98020.0,SHORT,98020.0,99109.10019416004,96386.34970875994,0.62,BEARISH
2025-02-21 23:00:48.638760,98046.6,SHORT,98046.6,99135.70019416005,96412.94970875994,0.62,BEARISH
2025-02-21 23:00:56.928186,98036.0,SHORT,98036.0,99125.10019416004,96402.34970875994,0.62,BEARISH
2025-02-21 23:01:04.218298,98078.5,LONG,98078.5,96989.39980583996,99712.15029124006,0.10000000000000009,BULLISH
2025-02-21 23:01:11.729789,98091.6,LONG,98091.6,96996.65694869711,99734.01457695435,0.10000000000000009,BULLISH
2025-02-21 23:01:19.050166,98130.2,LONG,98130.2,97034.08552012568,99774.37171981148,0.10000000000000009,BULLISH
2025-02-21 23:01:26.315594,98150.0,LONG,98150.0,97051.0569486971,99798.41457695434,0.1200000000000001,BULLISH
2025-02-21 23:01:33.662456,98160.8,LONG,98160.8,97060.31409155425,99811.52886266862,0.1200000000000001,BULLISH
2025-02-21 23:01:41.108482,98017.7,SHORT,98017.7,99118.18590844575,96366.97113733138,0.62,BEARISH
2025-02-21 23:01:48.350761,98035.2,SHORT,98035.2,99135.68590844575,96384.47113733138,0.62,BEARISH
2025-02-21 23:01:57.640706,97994.0,SHORT,97994.0,99100.90019416004,96333.64970875994,0.62,BEARISH
2025-02-21 23:02:03.704999,97960.0,SHORT,97960.0,99066.90019416004,96299.64970875994,0.62,BEARISH
2025-02-21 23:02:10.067153,97881.2,SHORT,97881.2,98997.68590844575,96206.47113733138,0.62,BEARISH
2025-02-21 23:02:17.338709,97876.3,SHORT,97876.3,98996.45733701719,96196.06399447423,0.62,BEARISH
2025-02-21 23:02:24.598697,97918.3,SHORT,97918.3,99038.45733701719,96238.06399447423,0.62,BEARISH
2025-02-21 23:02:32.856298,97870.0,SHORT,97870.0,98990.15733701718,96189.76399447423,0.62,BEARISH
2025-02-21 23:02:40.683425,97848.4,SHORT,97848.4,98973.27162273147,96161.0925659028,0.62,BEARISH
2025-02-21 23:02:46.843951,97793.9,SHORT,97793.9,98927.55733701718,96093.41399447422,0.76,BEARISH
2025-02-21 23:02:55.590367,97819.5,SHORT,97819.5,98953.15733701718,96119.01399447423,0.62,BEARISH
2025-02-21 23:03:03.459411,97790.0,SHORT,97790.0,98923.65733701718,96089.51399447423,0.76,BEARISH
2025-02-21 23:03:10.997871,97879.4,SHORT,97879.4,99013.05733701718,96178.91399447422,0.62,BEARISH
2025-02-21 23:03:18.174999,97843.6,SHORT,97843.6,98977.25733701719,96143.11399447423,0.62,BEARISH
2025-02-21 23:03:26.435602,97865.1,SHORT,97865.1,98998.75733701719,96164.61399447423,0.62,BEARISH
2025-02-21 23:03:33.588730,97811.3,SHORT,97811.3,98944.95733701719,96110.81399447423,0.62,BEARISH
2025-02-21 23:03:40.933564,97813.7,SHORT,97813.7,98947.35733701718,96113.21399447422,0.62,BEARISH
2025-02-21 23:03:48.255756,97801.4,SHORT,97801.4,98935.05733701718,96100.91399447422,0.6599999999999999,BEARISH
2025-02-21 23:03:55.521415,97863.5,SHORT,97863.5,98997.15733701718,96163.01399447423,0.62,BEARISH
2025-02-21 23:04:02.846977,97938.2,SHORT,97938.2,99071.85733701718,96237.71399447422,0.62,BEARISH
2025-02-21 23:04:08.957149,97951.8,SHORT,97951.8,99085.45733701719,96251.31399447423,0.62,BEARISH
2025-02-21 23:04:16.703866,97870.5,SHORT,97870.5,99004.15733701718,96170.01399447423,0.62,BEARISH
2025-02-21 23:04:24.287964,97906.4,SHORT,97906.4,99040.05733701718,96205.91399447422,0.62,BEARISH
2025-02-21 23:04:31.653001,97960.0,SHORT,97960.0,99093.65733701718,96259.51399447423,0.62,BEARISH
2025-02-21 23:04:37.679054,98023.9,SHORT,98023.9,99157.55733701718,96323.41399447422,0.62,BEARISH
2025-02-21 23:04:46.613302,98009.8,SHORT,98009.8,99143.45733701719,96309.31399447423,0.62,BEARISH
2025-02-21 23:04:56.198927,98002.2,SHORT,98002.2,99135.85733701718,96301.71399447422,0.62,BEARISH
2025-02-21 23:05:03.141831,98027.5,SHORT,98027.5,99161.15733701718,96327.01399447423,0.62,BEARISH
2025-02-21 23:05:10.515952,98022.1,SHORT,98022.1,99155.75733701719,96321.61399447423,0.62,BEARISH
2025-02-21 23:05:16.506387,97982.4,SHORT,97982.4,99116.05733701718,96281.91399447422,0.62,BEARISH
2025-02-21 23:05:23.931340,97960.9,SHORT,97960.9,99094.55733701718,96260.41399447422,0.62,BEARISH
2025-02-21 23:05:30.679678,97947.7,SHORT,97947.7,99081.35733701718,96247.21399447422,0.62,BEARISH
2025-02-21 23:05:36.886019,97966.8,SHORT,97966.8,99100.45733701719,96266.31399447423,0.62,BEARISH
2025-02-21 23:05:44.198806,97901.5,SHORT,97901.5,99035.15733701718,96201.01399447423,0.62,BEARISH
2025-02-21 23:05:51.066693,97895.1,SHORT,97895.1,99028.75733701719,96194.61399447423,0.62,BEARISH
2025-02-21 23:05:58.311909,97842.2,SHORT,97842.2,98975.85733701718,96141.71399447422,0.62,BEARISH
2025-02-21 23:06:05.983793,97890.2,SHORT,97890.2,99023.85733701718,96189.71399447422,0.62,BEARISH
2025-02-21 23:06:13.209879,97835.7,SHORT,97835.7,98969.35733701718,96135.21399447422,0.62,BEARISH
2025-02-21 23:06:20.437391,97811.6,SHORT,97811.6,98945.25733701719,96111.11399447423,0.62,BEARISH
2025-02-21 23:06:27.650978,97789.6,SHORT,97789.6,98923.25733701719,96089.11399447423,0.76,BEARISH
2025-02-21 23:06:34.865295,97774.9,SHORT,97774.9,98908.55733701718,96074.41399447422,0.76,BEARISH
2025-02-21 23:06:42.242018,97758.4,SHORT,97758.4,98897.70019416003,96049.44970875994,0.76,BEARISH
2025-02-21 23:06:49.630579,97697.0,SHORT,97697.0,98842.80019416004,95978.29970875995,0.76,BEARISH
2025-02-21 23:06:58.464056,97765.3,SHORT,97765.3,98911.10019416004,96046.59970875995,0.76,BEARISH
2025-02-21 23:07:05.828851,97777.6,SHORT,97777.6,98923.40019416004,96058.89970875996,0.76,BEARISH
2025-02-21 23:07:13.162996,97876.7,SHORT,97876.7,99022.50019416003,96157.99970875995,0.62,BEARISH
2025-02-21 23:07:19.663964,97900.0,SHORT,97900.0,99045.80019416004,96181.29970875995,0.62,BEARISH
2025-02-21 23:07:27.058763,97864.0,SHORT,97864.0,99009.80019416004,96145.29970875995,0.62,BEARISH
2025-02-21 23:07:34.433320,97885.7,SHORT,97885.7,99031.50019416003,96166.99970875995,0.62,BEARISH
2025-02-21 23:07:41.084063,97846.0,SHORT,97846.0,98991.80019416004,96127.29970875995,0.62,BEARISH
2025-02-21 23:07:48.368679,97882.1,SHORT,97882.1,99027.90019416004,96163.39970875996,0.62,BEARISH
2025-02-21 23:07:55.662002,97882.4,SHORT,97882.4,99028.20019416003,96163.69970875994,0.62,BEARISH
2025-02-21 23:08:03.131690,97852.0,SHORT,97852.0,98997.80019416004,96133.29970875995,0.62,BEARISH
2025-02-21 23:08:09.228353,97886.4,SHORT,97886.4,99032.20019416003,96167.69970875994,0.62,BEARISH
2025-02-21 23:08:16.627397,97898.4,SHORT,97898.4,99044.20019416003,96179.69970875994,0.62,BEARISH
2025-02-21 23:08:23.969879,97870.8,SHORT,97870.8,99016.60019416004,96152.09970875995,0.62,BEARISH
2025-02-21 23:08:30.154711,97929.0,SHORT,97929.0,99074.80019416004,96210.29970875995,0.62,BEARISH
2025-02-21 23:08:37.395654,97856.3,SHORT,97856.3,99002.10019416004,96137.59970875995,0.62,BEARISH
2025-02-21 23:08:45.093420,97843.2,SHORT,97843.2,98989.00019416003,96124.49970875995,0.62,BEARISH
2025-02-21 23:08:51.228064,97866.3,SHORT,97866.3,99012.10019416004,96147.59970875995,0.62,BEARISH
2025-02-21 23:08:58.452122,97914.8,SHORT,97914.8,99060.60019416004,96196.09970875995,0.62,BEARISH
2025-02-21 23:09:05.679556,97943.3,SHORT,97943.3,99089.10019416004,96224.59970875995,0.62,BEARISH
2025-02-21 23:09:11.863242,97987.9,SHORT,97987.9,99133.70019416003,96269.19970875994,0.62,BEARISH
2025-02-21 23:09:19.175564,97952.6,SHORT,97952.6,99098.40019416004,96233.89970875996,0.62,BEARISH
2025-02-21 23:09:26.752980,97880.3,SHORT,97880.3,99026.10019416004,96161.59970875995,0.62,BEARISH
2025-02-21 23:09:33.538121,97888.7,SHORT,97888.7,99034.50019416003,96169.99970875995,0.62,BEARISH
2025-02-21 23:09:39.855625,97912.0,SHORT,97912.0,99057.80019416004,96193.29970875995,0.62,BEARISH
2025-02-21 23:09:47.161066,97885.3,SHORT,97885.3,99031.10019416004,96166.59970875995,0.62,BEARISH
2025-02-21 23:09:53.460357,97888.7,SHORT,97888.7,99034.50019416003,96169.99970875995,0.62,BEARISH
2025-02-21 23:09:59.492741,97867.3,SHORT,97867.3,99013.10019416004,96148.59970875995,0.62,BEARISH
2025-02-21 23:10:06.806215,97818.1,SHORT,97818.1,98963.90019416004,96099.39970875996,0.62,BEARISH
2025-02-21 23:10:13.384906,97834.9,SHORT,97834.9,98980.70019416003,96116.19970875994,0.62,BEARISH
2025-02-21 23:10:19.541574,97730.1,SHORT,97730.1,98875.90019416004,96011.39970875996,0.76,BEARISH
2025-02-21 23:10:26.783496,97730.1,SHORT,97730.1,98875.90019416004,96011.39970875996,0.76,BEARISH
2025-02-21 23:10:34.137508,97771.6,SHORT,97771.6,98917.40019416004,96052.89970875996,0.9,BEARISH
2025-02-21 23:10:41.439988,97739.5,SHORT,97739.5,98885.30019416004,96020.79970875995,0.9,BEARISH
2025-02-21 23:10:48.823536,97807.0,SHORT,97807.0,98952.80019416004,96088.29970875995,0.8200000000000001,BEARISH
2025-02-21 23:10:56.053136,97852.4,SHORT,97852.4,98998.20019416003,96133.69970875994,0.8200000000000001,BEARISH
2025-02-21 23:11:02.143019,97883.7,SHORT,97883.7,99029.50019416003,96164.99970875995,0.8200000000000001,BEARISH
2025-02-21 23:11:08.766179,97913.6,SHORT,97913.6,99059.40019416004,96194.89970875996,0.8200000000000001,BEARISH
2025-02-21 23:11:16.105550,97917.9,SHORT,97917.9,99063.70019416003,96199.19970875994,0.8200000000000001,BEARISH
2025-02-21 23:11:23.426421,97959.9,SHORT,97959.9,99105.70019416003,96241.19970875994,0.8200000000000001,BEARISH
2025-02-21 23:11:31.757830,98063.1,LONG,98063.1,96917.29980583997,99781.80029124006,0.10000000000000009,BULLISH
2025-02-21 23:11:39.057232,98038.0,SHORT,98038.0,99183.80019416004,96319.29970875995,0.8200000000000001,BEARISH
2025-02-21 23:11:46.304037,98033.5,SHORT,98033.5,99179.30019416004,96314.79970875995,0.8200000000000001,BEARISH
2025-02-21 23:11:53.578001,98073.3,LONG,98073.3,96927.49980583997,99792.00029124005,0.10000000000000009,BULLISH
2025-02-21 23:12:00.844042,98076.0,LONG,98076.0,96930.19980583996,99794.70029124005,0.10000000000000009,BULLISH
2025-02-21 23:12:07.177810,98104.0,LONG,98104.0,96958.19980583996,99822.70029124005,0.10000000000000009,BULLISH
2025-02-21 23:12:13.373827,98105.0,LONG,98105.0,96959.19980583996,99823.70029124005,0.10000000000000009,BULLISH
2025-02-21 23:12:19.785529,98130.1,LONG,98130.1,96984.29980583997,99848.80029124006,0.10000000000000009,BULLISH
2025-02-21 23:12:27.137917,98167.4,LONG,98167.4,97020.29980583995,99888.05029124004,0.10000000000000009,BULLISH
2025-02-21 23:12:33.749816,98172.2,LONG,98172.2,97021.48552012567,99898.27171981148,0.10000000000000009,BULLISH
2025-02-21 23:12:41.379144,98215.9,LONG,98215.9,97059.58552012568,99950.37171981148,0.10000000000000009,BULLISH
2025-02-21 23:12:48.600956,98203.8,LONG,98203.8,97047.2569486971,99938.61457695434,0.10000000000000009,BULLISH
2025-02-21 23:12:54.599920,98235.9,LONG,98235.9,97078.89980583996,99971.40029124005,0.10000000000000009,BULLISH
2025-02-21 23:13:01.238216,98267.1,LONG,98267.1,97106.09980583997,100008.60029124006,0.10000000000000009,BULLISH
2025-02-21 23:13:08.666224,98265.0,LONG,98265.0,97097.54266298281,100016.18600552577,0.10000000000000009,BULLISH
2025-02-21 23:13:14.873413,98279.4,LONG,98279.4,97111.94266298281,100030.58600552577,0.08000000000000007,BULLISH
2025-02-21 23:13:22.834810,98260.0,LONG,98260.0,97092.54266298281,100011.18600552577,0.10000000000000009,BULLISH
2025-02-21 23:13:30.315463,98181.5,LONG,98181.5,97014.04266298281,99932.68600552577,0.10000000000000009,BULLISH
2025-02-21 23:13:38.022421,98216.6,LONG,98216.6,97049.14266298282,99967.78600552578,0.10000000000000009,BULLISH
2025-02-21 23:13:44.197032,98248.5,LONG,98248.5,97081.04266298281,99999.68600552577,0.10000000000000009,BULLISH
2025-02-21 23:13:50.285107,98257.0,LONG,98257.0,97089.54266298281,100008.18600552577,0.10000000000000009,BULLISH
2025-02-21 23:13:57.562609,98275.0,LONG,98275.0,97107.54266298281,100026.18600552577,0.08000000000000007,BULLISH
2025-02-21 23:14:04.846938,98275.0,LONG,98275.0,97107.54266298281,100026.18600552577,0.08000000000000007,BULLISH
2025-02-21 23:14:11.025059,98291.6,SHORT,98291.6,99459.05733701719,96540.41399447423,0.0,BEARISH
2025-02-21 23:14:18.392798,98304.0,SHORT,98304.0,99471.45733701719,96552.81399447423,0.0,BEARISH
2025-02-21 23:14:25.733133,98313.6,SHORT,98313.6,99483.5430513029,96558.68542304567,0.0,BEARISH
2025-02-21 23:14:33.044164,98342.9,SHORT,98342.9,99518.11447987432,96580.0782801885,0.06000000000000005,BEARISH
2025-02-21 23:14:40.343476,98454.2,SHORT,98454.2,99644.82876558861,96668.25685161709,0.21999999999999997,BEARISH
2025-02-21 23:14:49.638500,98494.7,SHORT,98494.7,99692.97162273146,96697.2925659028,0.21999999999999997,BEARISH
2025-02-21 23:14:57.210873,98513.8,SHORT,98513.8,99712.32876558861,96716.00685161709,0.21999999999999997,BEARISH
2025-02-21 23:15:04.483185,98519.9,SHORT,98519.9,99726.30019416004,96710.29970875994,0.21999999999999997,BEARISH
2025-02-21 23:15:11.778951,98558.4,SHORT,98558.4,99764.80019416004,96748.79970875994,0.21999999999999997,BEARISH
2025-02-21 23:15:19.068022,98521.4,SHORT,98521.4,99727.80019416004,96711.79970875994,0.21999999999999997,BEARISH
2025-02-21 23:15:26.371265,98489.1,SHORT,98489.1,99695.50019416005,96679.49970875995,0.21999999999999997,BEARISH
2025-02-21 23:15:33.589547,98476.7,SHORT,98476.7,99683.10019416004,96667.09970875994,0.21999999999999997,BEARISH
2025-02-21 23:15:41.029598,98515.5,SHORT,98515.5,99721.90019416004,96705.89970875994,0.21999999999999997,BEARISH
2025-02-21 23:15:48.316694,98493.3,SHORT,98493.3,99699.70019416005,96683.69970875994,0.21999999999999997,BEARISH
2025-02-21 23:15:55.719790,98473.8,SHORT,98473.8,99680.20019416005,96664.19970875994,0.21999999999999997,BEARISH
2025-02-21 23:16:03.395064,98445.3,SHORT,98445.3,99651.70019416005,96635.69970875994,0.21999999999999997,BEARISH
2025-02-21 23:16:10.939420,98417.9,SHORT,98417.9,99624.30019416004,96608.29970875994,0.31999999999999995,BEARISH
2025-02-21 23:16:18.357713,98426.3,SHORT,98426.3,99632.70019416005,96616.69970875994,0.31999999999999995,BEARISH
2025-02-21 23:16:24.478655,98445.3,SHORT,98445.3,99651.70019416005,96635.69970875994,0.21999999999999997,BEARISH
2025-02-21 23:16:31.737287,98445.2,SHORT,98445.2,99651.60019416004,96635.59970875994,0.21999999999999997,BEARISH
2025-02-21 23:16:38.023711,98469.1,SHORT,98469.1,99675.50019416005,96659.49970875995,0.21999999999999997,BEARISH
2025-02-21 23:16:45.326522,98496.0,SHORT,98496.0,99702.40019416004,96686.39970875994,0.21999999999999997,BEARISH
2025-02-21 23:16:52.653863,98511.9,SHORT,98511.9,99718.30019416004,96702.29970875994,0.21999999999999997,BEARISH
2025-02-21 23:16:59.973806,98548.8,SHORT,98548.8,99755.20019416005,96739.19970875994,0.21999999999999997,BEARISH
2025-02-21 23:17:07.643963,98533.9,SHORT,98533.9,99740.30019416004,96724.29970875994,0.21999999999999997,BEARISH
2025-02-21 23:17:14.885290,98540.2,SHORT,98540.2,99746.60019416004,96730.59970875994,0.21999999999999997,BEARISH
2025-02-21 23:17:20.878562,98521.3,SHORT,98521.3,99727.70019416005,96711.69970875994,0.21999999999999997,BEARISH
2025-02-21 23:17:28.111762,98472.0,SHORT,98472.0,99678.40019416004,96662.39970875994,0.21999999999999997,BEARISH
2025-02-21 23:17:35.549407,98476.3,SHORT,98476.3,99682.70019416005,96666.69970875994,0.21999999999999997,BEARISH
2025-02-21 23:17:42.852276,98463.7,SHORT,98463.7,99670.10019416004,96654.09970875994,0.21999999999999997,BEARISH
2025-02-21 23:17:48.997275,98430.1,SHORT,98430.1,99636.50019416005,96620.49970875995,0.31999999999999995,BEARISH
2025-02-21 23:17:56.306064,98423.3,SHORT,98423.3,99629.70019416005,96613.69970875994,0.31999999999999995,BEARISH
2025-02-21 23:18:03.680129,98417.8,SHORT,98417.8,99624.20019416005,96608.19970875994,0.31999999999999995,BEARISH
2025-02-21 23:18:11.924020,98452.4,SHORT,98452.4,99658.80019416004,96642.79970875994,0.21999999999999997,BEARISH
2025-02-21 23:18:19.168245,98493.3,SHORT,98493.3,99699.70019416005,96683.69970875994,0.21999999999999997,BEARISH
2025-02-21 23:18:26.439648,98510.2,SHORT,98510.2,99716.60019416004,96700.59970875994,0.21999999999999997,BEARISH
2025-02-21 23:18:33.676094,98550.0,SHORT,98550.0,99756.40019416004,96740.39970875994,0.21999999999999997,BEARISH
2025-02-21 23:18:40.889713,98571.2,SHORT,98571.2,99777.60019416004,96761.59970875994,0.21999999999999997,BEARISH
2025-02-21 23:18:48.107435,98585.6,SHORT,98585.6,99794.6430513029,96772.03542304567,0.21999999999999997,BEARISH
2025-02-21 23:18:55.527779,98590.7,SHORT,98590.7,99802.61447987432,96772.8282801885,0.21999999999999997,BEARISH
2025-02-21 23:19:02.764587,98597.2,SHORT,98597.2,99809.11447987432,96779.3282801885,0.21999999999999997,BEARISH
2025-02-21 23:19:10.099307,98633.0,SHORT,98633.0,99846.27162273147,96813.0925659028,0.21999999999999997,BEARISH
2025-02-21 23:19:17.350822,98628.2,SHORT,98628.2,99841.47162273146,96808.2925659028,0.21999999999999997,BEARISH
2025-02-21 23:19:24.951773,98627.1,SHORT,98627.1,99840.37162273147,96807.1925659028,0.21999999999999997,BEARISH
2025-02-21 23:19:32.181607,98566.0,SHORT,98566.0,99779.27162273147,96746.0925659028,0.21999999999999997,BEARISH
2025-02-21 23:19:39.441067,98502.5,SHORT,98502.5,99715.77162273147,96682.5925659028,0.21999999999999997,BEARISH
2025-02-21 23:19:46.677214,98508.8,SHORT,98508.8,99722.07162273147,96688.8925659028,0.21999999999999997,BEARISH
2025-02-21 23:19:53.893668,98499.9,SHORT,98499.9,99713.17162273146,96679.9925659028,0.21999999999999997,BEARISH
2025-02-21 23:20:01.206743,98454.3,SHORT,98454.3,99667.57162273147,96634.3925659028,0.21999999999999997,BEARISH
2025-02-21 23:20:08.439318,98454.4,SHORT,98454.4,99667.67162273146,96634.4925659028,0.21999999999999997,BEARISH
2025-02-21 23:20:14.445601,98511.4,SHORT,98511.4,99724.67162273146,96691.4925659028,0.21999999999999997,BEARISH
2025-02-21 23:20:20.433452,98600.0,SHORT,98600.0,99813.27162273147,96780.0925659028,0.21999999999999997,BEARISH
2025-02-21 23:20:26.456319,98572.2,SHORT,98572.2,99785.47162273146,96752.2925659028,0.21999999999999997,BEARISH
2025-02-21 23:20:35.458639,98552.9,SHORT,98552.9,99766.17162273146,96732.9925659028,0.21999999999999997,BEARISH
2025-02-21 23:20:42.942195,98577.0,SHORT,98577.0,99790.27162273147,96757.0925659028,0.040000000000000036,BEARISH
2025-02-21 23:20:50.620404,98595.5,SHORT,98595.5,99808.77162273147,96775.5925659028,0.040000000000000036,BEARISH
2025-02-21 23:20:57.236042,98551.8,SHORT,98551.8,99765.07162273147,96731.8925659028,0.040000000000000036,BEARISH
2025-02-21 23:21:04.563090,98530.6,SHORT,98530.6,99743.87162273147,96710.6925659028,0.040000000000000036,BEARISH
2025-02-21 23:21:10.711422,98498.0,SHORT,98498.0,99711.27162273147,96678.0925659028,0.040000000000000036,BEARISH
2025-02-21 23:21:18.382429,98553.6,SHORT,98553.6,99766.87162273147,96733.6925659028,0.040000000000000036,BEARISH
2025-02-21 23:21:26.616805,98579.7,SHORT,98579.7,99792.97162273146,96759.7925659028,0.040000000000000036,BEARISH
2025-02-21 23:21:33.907874,98600.0,SHORT,98600.0,99813.27162273147,96780.0925659028,0.040000000000000036,BEARISH
2025-02-21 23:21:41.110976,98609.3,SHORT,98609.3,99822.57162273147,96789.3925659028,0.040000000000000036,BEARISH
2025-02-21 23:21:47.254500,98638.9,SHORT,98638.9,99853.6287655886,96816.80685161708,0.040000000000000036,BEARISH
2025-02-21 23:21:54.471453,98669.9,SHORT,98669.9,99890.05733701718,96839.66399447422,0.040000000000000036,BEARISH
2025-02-21 23:22:01.077956,98675.0,SHORT,98675.0,99895.15733701718,96844.76399447423,0.040000000000000036,BEARISH
2025-02-21 23:22:07.102820,98664.3,SHORT,98664.3,99884.45733701719,96834.06399447423,0.040000000000000036,BEARISH
2025-02-21 23:22:14.376330,98612.0,SHORT,98612.0,99832.15733701718,96781.76399447423,0.040000000000000036,BEARISH
2025-02-21 23:22:21.590884,98600.1,SHORT,98600.1,99820.25733701719,96769.86399447423,0.040000000000000036,BEARISH
2025-02-21 23:22:29.808976,98571.3,SHORT,98571.3,99791.45733701719,96741.06399447423,0.040000000000000036,BEARISH
2025-02-21 23:22:37.151831,98641.7,SHORT,98641.7,99861.85733701718,96811.46399447422,0.040000000000000036,BEARISH
2025-02-21 23:22:43.198471,98644.5,SHORT,98644.5,99864.65733701718,96814.26399447423,0.040000000000000036,BEARISH
2025-02-21 23:22:50.572409,98695.3,SHORT,98695.3,99918.11447987432,96861.07828018852,0.040000000000000036,BEARISH
2025-02-21 23:22:58.952050,98699.8,SHORT,98699.8,99922.61447987432,96865.57828018852,0.040000000000000036,BEARISH
2025-02-21 23:23:06.223273,98720.0,SHORT,98720.0,99945.68590844575,96881.47113733138,0.040000000000000036,BEARISH
2025-02-21 23:23:12.896530,98704.5,SHORT,98704.5,99930.18590844575,96865.97113733138,0.040000000000000036,BEARISH
2025-02-21 23:23:20.146353,98653.8,SHORT,98653.8,99879.48590844576,96815.27113733138,0.040000000000000036,BEARISH
2025-02-21 23:23:27.396659,98646.0,SHORT,98646.0,99871.68590844575,96807.47113733138,0.040000000000000036,BEARISH
2025-02-21 23:23:35.805968,98631.9,SHORT,98631.9,99857.58590844575,96793.37113733137,0.040000000000000036,BEARISH
2025-02-21 23:23:43.183480,98620.3,SHORT,98620.3,99845.98590844576,96781.77113733138,0.040000000000000036,BEARISH
2025-02-21 23:23:49.511748,98647.6,SHORT,98647.6,99873.28590844576,96809.07113733138,0.040000000000000036,BEARISH
2025-02-21 23:23:56.738517,98667.1,SHORT,98667.1,99892.78590844576,96828.57113733138,0.040000000000000036,BEARISH
2025-02-21 23:24:03.966980,98623.4,SHORT,98623.4,99849.08590844575,96784.87113733137,0.040000000000000036,BEARISH
2025-02-21 23:24:11.189503,98544.8,SHORT,98544.8,99770.48590844576,96706.27113733138,0.040000000000000036,BEARISH
2025-02-21 23:24:18.398199,98494.4,SHORT,98494.4,99720.08590844575,96655.87113733137,0.040000000000000036,BEARISH
2025-02-21 23:24:24.976314,98417.2,SHORT,98417.2,99642.88590844575,96578.67113733137,0.18000000000000005,BEARISH
2025-02-21 23:24:31.137480,98454.3,SHORT,98454.3,99679.98590844576,96615.77113733138,0.040000000000000036,BEARISH
2025-02-21 23:24:38.373893,98477.8,SHORT,98477.8,99703.48590844576,96639.27113733138,0.040000000000000036,BEARISH
2025-02-21 23:24:45.933329,98496.0,SHORT,98496.0,99721.68590844575,96657.47113733138,0.040000000000000036,BEARISH
2025-02-21 23:24:53.135761,98490.0,SHORT,98490.0,99715.68590844575,96651.47113733138,0.040000000000000036,BEARISH
2025-02-21 23:25:00.359447,98468.2,SHORT,98468.2,99693.88590844575,96629.67113733137,0.040000000000000036,BEARISH
2025-02-21 23:25:06.338962,98490.1,SHORT,98490.1,99715.78590844576,96651.57113733138,0.040000000000000036,BEARISH
2025-02-21 23:25:13.558842,98480.0,SHORT,98480.0,99705.68590844575,96641.47113733138,0.040000000000000036,BEARISH
2025-02-21 23:25:20.783886,98450.0,SHORT,98450.0,99675.68590844575,96611.47113733138,0.040000000000000036,BEARISH
2025-02-21 23:25:28.119730,98449.7,SHORT,98449.7,99675.38590844575,96611.17113733137,0.040000000000000036,BEARISH
2025-02-21 23:25:35.370469,98390.3,LONG,98390.3,97164.61409155425,100228.82886266863,0.08000000000000007,BULLISH
2025-02-21 23:25:42.581419,98365.3,SHORT,98365.3,99590.98590844576,96526.77113733138,0.06000000000000005,BEARISH
2025-02-21 23:25:50.034017,98349.4,SHORT,98349.4,99575.08590844575,96510.87113733137,0.06000000000000005,BEARISH
2025-02-21 23:25:57.268496,98367.8,SHORT,98367.8,99593.48590844576,96529.27113733138,0.06000000000000005,BEARISH
2025-02-21 23:26:03.260023,98341.3,SHORT,98341.3,99566.98590844576,96502.77113733138,0.06000000000000005,BEARISH
2025-02-21 23:26:10.472734,98290.4,SHORT,98290.4,99516.08590844575,96451.87113733137,0.0,BEARISH
2025-02-21 23:26:17.688325,98259.0,LONG,98259.0,97033.31409155425,100097.52886266862,0.10000000000000009,BULLISH
2025-02-21 23:26:25.046808,98280.1,LONG,98280.1,97054.41409155425,100118.62886266863,0.08000000000000007,BULLISH
2025-02-21 23:26:32.283807,98269.0,LONG,98269.0,97043.31409155425,100107.52886266862,0.10000000000000009,BULLISH
2025-02-21 23:26:39.484218,98260.0,LONG,98260.0,97034.31409155425,100098.52886266862,0.10000000000000009,BULLISH
2025-02-21 23:26:47.939398,98275.3,LONG,98275.3,97049.61409155425,100113.82886266863,0.08000000000000007,BULLISH
2025-02-21 23:26:55.121202,98303.5,SHORT,98303.5,99529.18590844575,96464.97113733138,0.0,BEARISH
2025-02-21 23:27:02.452370,98312.6,SHORT,98312.6,99538.28590844576,96474.07113733138,0.0,BEARISH
2025-02-21 23:27:09.768881,98308.9,SHORT,98308.9,99534.58590844575,96470.37113733137,0.0,BEARISH
2025-02-21 23:27:17.052607,98333.4,SHORT,98333.4,99559.08590844575,96494.87113733137,0.06000000000000005,BEARISH
2025-02-21 23:27:24.339508,98321.3,SHORT,98321.3,99546.98590844576,96482.77113733138,0.0,BEARISH
2025-02-21 23:27:31.598628,98339.1,SHORT,98339.1,99564.78590844576,96500.57113733138,0.06000000000000005,BEARISH
2025-02-21 23:27:38.837525,98360.0,SHORT,98360.0,99585.68590844575,96521.47113733138,0.06000000000000005,BEARISH
2025-02-21 23:27:46.056051,98327.2,SHORT,98327.2,99552.88590844575,96488.67113733137,0.06000000000000005,BEARISH
2025-02-21 23:27:53.259205,98287.2,SHORT,98287.2,99512.88590844575,96448.67113733137,0.0,BEARISH
2025-02-21 23:28:00.476465,98275.0,LONG,98275.0,97049.31409155425,100113.52886266862,0.08000000000000007,BULLISH
2025-02-21 23:28:07.691894,98296.1,SHORT,98296.1,99521.78590844576,96457.57113733138,0.0,BEARISH
2025-02-21 23:28:13.693202,98310.3,SHORT,98310.3,99535.98590844576,96471.77113733138,0.0,BEARISH
2025-02-21 23:28:20.896642,98257.0,LONG,98257.0,97031.31409155425,100095.52886266862,0.10000000000000009,BULLISH
2025-02-21 23:28:27.468572,98308.9,SHORT,98308.9,99534.58590844575,96470.37113733137,0.0,BEARISH
2025-02-21 23:28:34.697764,98301.3,SHORT,98301.3,99526.98590844576,96462.77113733138,0.0,BEARISH
2025-02-21 23:28:41.904800,98312.9,SHORT,98312.9,99538.58590844575,96474.37113733137,0.0,BEARISH
2025-02-21 23:28:49.131483,98344.3,SHORT,98344.3,99569.98590844576,96505.77113733138,0.06000000000000005,BEARISH
2025-02-21 23:28:56.461503,98287.6,SHORT,98287.6,99513.28590844576,96449.07113733138,0.0,BEARISH
2025-02-21 23:29:03.670885,98342.9,SHORT,98342.9,99568.58590844575,96504.37113733137,0.06000000000000005,BEARISH
2025-02-21 23:29:09.666560,98328.0,SHORT,98328.0,99553.68590844575,96489.47113733138,0.06000000000000005,BEARISH
2025-02-21 23:29:16.900581,98282.6,LONG,98282.6,97056.91409155425,100121.12886266863,0.08000000000000007,BULLISH
2025-02-21 23:29:24.109155,98254.8,LONG,98254.8,97029.11409155425,100093.32886266863,0.10000000000000009,BULLISH
2025-02-21 23:29:31.348834,98232.6,LONG,98232.6,97006.91409155425,100071.12886266863,0.10000000000000009,BULLISH
2025-02-21 23:29:38.556286,98269.6,LONG,98269.6,97043.91409155425,100108.12886266863,0.10000000000000009,BULLISH
2025-02-21 23:29:44.703758,98265.2,LONG,98265.2,97039.51409155424,100103.72886266862,0.10000000000000009,BULLISH
2025-02-21 23:29:52.197204,98241.5,LONG,98241.5,97015.81409155425,100080.02886266862,0.10000000000000009,BULLISH
2025-02-21 23:29:59.509429,98259.8,LONG,98259.8,97034.11409155425,100098.32886266863,0.10000000000000009,BULLISH
2025-02-21 23:30:05.531815,98245.2,LONG,98245.2,97019.51409155424,100083.72886266862,0.10000000000000009,BULLISH
2025-02-21 23:30:12.769185,98201.0,LONG,98201.0,96975.31409155425,100039.52886266862,0.10000000000000009,BULLISH
2025-02-21 23:30:18.917373,98193.9,LONG,98193.9,96968.21409155424,100032.42886266862,0.10000000000000009,BULLISH
2025-02-21 23:30:24.941523,98171.3,LONG,98171.3,96945.61409155425,100009.82886266863,0.10000000000000009,BULLISH
2025-02-21 23:30:31.024987,98236.0,LONG,98236.0,97010.31409155425,100074.52886266862,0.10000000000000009,BULLISH
2025-02-21 23:30:38.344485,98243.4,LONG,98243.4,97017.71409155424,100081.92886266862,0.10000000000000009,BULLISH
2025-02-21 23:30:44.746780,98180.1,LONG,98180.1,96954.41409155425,100018.62886266863,0.10000000000000009,BULLISH
2025-02-21 23:30:52.136142,98163.0,LONG,98163.0,96937.31409155425,100001.52886266862,0.10000000000000009,BULLISH
2025-02-21 23:30:58.505644,98157.0,LONG,98157.0,96931.31409155425,99995.52886266862,0.10000000000000009,BULLISH
2025-02-21 23:31:05.722099,98159.3,LONG,98159.3,96933.61409155425,99997.82886266863,0.10000000000000009,BULLISH
2025-02-21 23:31:12.976918,98177.4,LONG,98177.4,96951.71409155424,100015.92886266862,0.10000000000000009,BULLISH
2025-02-21 23:31:18.976123,98218.1,LONG,98218.1,96992.41409155425,100056.62886266863,0.10000000000000009,BULLISH
2025-02-21 23:31:26.247216,98244.9,LONG,98244.9,97019.21409155424,100083.42886266862,0.10000000000000009,BULLISH
2025-02-21 23:31:32.210373,98237.7,LONG,98237.7,97012.01409155424,100076.22886266862,0.10000000000000009,BULLISH
2025-02-21 23:31:38.372279,98247.3,LONG,98247.3,97021.61409155425,100085.82886266863,0.10000000000000009,BULLISH
2025-02-21 23:31:45.621371,98246.6,LONG,98246.6,97020.91409155425,100085.12886266863,0.10000000000000009,BULLISH
2025-02-21 23:31:52.881412,98261.0,LONG,98261.0,97035.31409155425,100099.52886266862,0.10000000000000009,BULLISH
2025-02-21 23:31:58.926295,98253.5,LONG,98253.5,97027.81409155425,100092.02886266862,0.10000000000000009,BULLISH
2025-02-21 23:32:05.503503,98262.3,LONG,98262.3,97036.61409155425,100100.82886266863,0.10000000000000009,BULLISH
2025-02-21 23:32:12.821431,98306.8,SHORT,98306.8,99532.48590844576,96468.27113733138,0.0,BEARISH
2025-02-21 23:32:20.038795,98230.2,LONG,98230.2,97004.51409155424,100068.72886266862,0.10000000000000009,BULLISH
2025-02-21 23:32:27.269029,98284.0,LONG,98284.0,97058.31409155425,100122.52886266862,0.08000000000000007,BULLISH
2025-02-21 23:32:34.473414,98282.6,LONG,98282.6,97056.91409155425,100121.12886266863,0.08000000000000007,BULLISH
2025-02-21 23:32:41.814158,98291.6,SHORT,98291.6,99517.28590844576,96453.07113733138,0.0,BEARISH
2025-02-21 23:32:49.134782,98254.2,LONG,98254.2,97028.51409155424,100092.72886266862,0.10000000000000009,BULLISH
2025-02-21 23:32:56.489013,98282.3,LONG,98282.3,97056.61409155425,100120.82886266863,0.08000000000000007,BULLISH
2025-02-21 23:33:03.691107,98296.2,SHORT,98296.2,99521.88590844575,96457.67113733137,0.0,BEARISH
2025-02-21 23:33:10.893936,98325.9,SHORT,98325.9,99551.58590844575,96487.37113733137,0.06000000000000005,BEARISH
2025-02-21 23:33:17.431613,98320.1,SHORT,98320.1,99545.78590844576,96481.57113733138,0.0,BEARISH
2025-02-21 23:33:24.729854,98317.3,SHORT,98317.3,99542.98590844576,96478.77113733138,0.0,BEARISH
2025-02-21 23:33:31.925868,98308.9,SHORT,98308.9,99534.58590844575,96470.37113733137,0.0,BEARISH
2025-02-21 23:33:38.062355,98293.6,SHORT,98293.6,99519.28590844576,96455.07113733138,0.0,BEARISH
2025-02-21 23:33:45.327058,98299.1,SHORT,98299.1,99524.78590844576,96460.57113733138,0.0,BEARISH
2025-02-21 23:33:52.610080,98316.9,SHORT,98316.9,99542.58590844575,96478.37113733137,0.0,BEARISH
2025-02-21 23:33:58.602471,98294.3,SHORT,98294.3,99519.98590844576,96455.77113733138,0.0,BEARISH
2025-02-21 23:34:05.818077,98311.5,SHORT,98311.5,99537.18590844575,96472.97113733138,0.0,BEARISH
2025-02-21 23:34:13.116774,98352.8,SHORT,98352.8,99578.48590844576,96514.27113733138,0.06000000000000005,BEARISH
2025-02-21 23:34:19.119292,98367.8,SHORT,98367.8,99593.48590844576,96529.27113733138,0.06000000000000005,BEARISH
2025-02-21 23:34:25.154094,98375.0,SHORT,98375.0,99600.68590844575,96536.47113733138,0.06000000000000005,BEARISH
2025-02-21 23:34:32.471173,98371.3,SHORT,98371.3,99596.98590844576,96532.77113733138,0.06000000000000005,BEARISH
2025-02-21 23:34:39.741902,98389.9,LONG,98389.9,97164.21409155424,100228.42886266862,0.08000000000000007,BULLISH
2025-02-21 23:34:46.958504,98416.7,SHORT,98416.7,99642.38590844575,96578.17113733137,0.31999999999999995,BEARISH
2025-02-21 23:34:54.154430,98385.0,LONG,98385.0,97159.31409155425,100223.52886266862,0.08000000000000007,BULLISH
2025-02-21 23:35:01.385480,98376.2,SHORT,98376.2,99601.88590844575,96537.67113733137,0.06000000000000005,BEARISH
2025-02-21 23:35:08.600924,98382.1,SHORT,98382.1,99607.78590844576,96543.57113733138,0.06000000000000005,BEARISH
2025-02-21 23:35:15.846480,98350.8,SHORT,98350.8,99576.48590844576,96512.27113733138,0.06000000000000005,BEARISH
2025-02-21 23:35:23.072472,98369.8,SHORT,98369.8,99595.48590844576,96531.27113733138,0.06000000000000005,BEARISH
2025-02-21 23:35:29.063810,98381.7,SHORT,98381.7,99607.38590844575,96543.17113733137,0.06000000000000005,BEARISH
2025-02-21 23:35:36.386733,98373.8,SHORT,98373.8,99599.48590844576,96535.27113733138,0.06000000000000005,BEARISH
2025-02-21 23:35:42.513599,98371.4,SHORT,98371.4,99597.08590844575,96532.87113733137,0.06000000000000005,BEARISH
2025-02-21 23:35:49.740071,98373.8,SHORT,98373.8,99599.48590844576,96535.27113733138,0.06000000000000005,BEARISH
2025-02-21 23:35:56.031355,98355.5,SHORT,98355.5,99581.18590844575,96516.97113733138,0.06000000000000005,BEARISH
2025-02-21 23:36:03.299186,98367.3,SHORT,98367.3,99592.98590844576,96528.77113733138,0.06000000000000005,BEARISH
2025-02-21 23:36:09.255682,98341.2,SHORT,98341.2,99566.88590844575,96502.67113733137,0.06000000000000005,BEARISH
2025-02-21 23:36:16.746968,98293.1,SHORT,98293.1,99518.78590844576,96454.57113733138,0.0,BEARISH
2025-02-21 23:36:24.034872,98290.1,SHORT,98290.1,99515.78590844576,96451.57113733138,0.0,BEARISH
